segment,target,order,iterations,learning_rate,train_rmse,test_rmse,mape,status
DEALER,net_sales,2,500,0.001,2854.8871359895716,21497.563375576443,194.31874499275548,success
DEALER,returns,1,500,0.01,1119.9140656066222,12354.846782412003,899.1451620390718,success
OEM,net_sales,1,500,0.001,273.2622614757669,321.1624110334399,37.98367803397293,success
OEM,returns,3,500,0.001,127.55491763530097,108836.18377458813,inf,success
PROFESSIONAL END-USERS,net_sales,3,500,0.001,83.15980947042189,290.3427811223501,9.17221992893484,success
PROFESSIONAL END-USERS,returns,1,1000,0.001,83.81411325831105,156.4767371247253,37.15662925155289,success
