Segment,Target,Order,SARIMA_RMSE,SARIMA_MAPE,SARIMA_R2,Baseline_RMSE,Baseline_MAPE,Beats_Baseline
DEALER,net_sales,"(0,1,0)(1,1,1)[12]",3577.756976902784,52.70436190470939,-1.9290132130463995,3685.093011037849,53.58683607981484,True
DEALER,returns,"(0,1,0)(1,1,1)[12]",2469.4568445424957,498.54060371280315,-0.5245542767644449,2699.6290485916766,548.7274682254128,True
OEM,net_sales,"(0,1,0)(1,1,1)[12]",313.6245793080055,36.05402644061807,-1.1477940594402,143.26374279628465,15.483913676684761,False
OEM,returns,"(0,1,0)(1,1,1)[12]",154.0974660111745,29.677314211212497,-0.7054028318776988,104.72105805424236,7.627118644067797,False
PROFESSIONAL END-USERS,net_sales,"(0,1,0)(1,1,1)[12]",490.7506998536537,14.629827009281263,-0.17620951451714384,449.39181122935474,15.223414252690642,False
PROFESSIONAL END-USERS,returns,"(0,1,0)(1,1,1)[12]",110.73612145634524,18.856749349558342,-0.14471643167349968,101.76934705499491,19.752320558772173,False
