Segment,Target,Order,SARIMA_RMSE,SARIMA_MAPE,SARIMA_R2,Baseline_RMSE,Baseline_MAPE,Beats_Baseline
DEALER,net_sales,"(0,1,1)(1,1,0)[12]",3907.864786597373,55.335829711845406,-2.4944490552391243,3685.093011037849,53.58683607981484,False
DEALER,returns,"(0,1,1)(1,1,0)[12]",2520.4824252187045,510.34527518914484,-0.5882079139590908,2699.6290485916766,548.7274682254128,True
OEM,net_sales,"(0,1,1)(1,1,0)[12]",329.51452322723196,37.85007528729813,-1.3709455196451659,143.26374279628465,15.483913676684761,False
OEM,returns,"(0,1,1)(1,1,0)[12]",111.896295125168,0.5642662002733776,0.10077701359245228,104.72105805424236,7.627118644067797,False
PROFESSIONAL END-USERS,net_sales,"(0,1,1)(1,1,0)[12]",438.15176984767845,15.466143424005748,0.06241214409497653,449.39181122935474,15.223414252690642,True
PROFESSIONAL END-USERS,returns,"(0,1,1)(1,1,0)[12]",94.88186208736188,22.5811614288909,0.1596006671646797,101.76934705499491,19.752320558772173,True
