Segment,Target,Order,SARIMA_RMSE,SARIMA_MAPE,SARIMA_R2,Baseline_RMSE,Baseline_MAPE,Beats_Baseline
DEALER,net_sales,"(1,1,1)(1,1,1)[12]",3672.194706746276,53.56881195897321,-2.085681215881933,3685.093011037849,53.58683607981484,True
DEALER,returns,"(1,1,1)(1,1,1)[12]",2470.6345911732524,498.814567417724,-0.5260088207754559,2699.6290485916766,548.7274682254128,True
OEM,net_sales,"(1,1,1)(1,1,1)[12]",291.86222842578076,33.951287992599724,-0.8600655162385935,143.26374279628465,15.483913676684761,False
OEM,returns,"(1,1,1)(1,1,1)[12]",96.91081517574862,8.982087182017127,0.325502291149949,104.72105805424236,7.627118644067797,True
PROFESSIONAL END-USERS,net_sales,"(1,1,1)(1,1,1)[12]",430.48221967711225,15.048830550970116,0.09494854756260918,449.39181122935474,15.223414252690642,True
PROFESSIONAL END-USERS,returns,"(1,1,1)(1,1,1)[12]",96.6285267536946,22.993020221708,0.12837432074592425,101.76934705499491,19.752320558772173,True
